<?xml version="1.0" encoding="utf-8"?>
<Context>
    <Include File="qd_instances"/>

    <Container Size="parent,parent">
        <Stack StackGrowth="Bottom" Size="1200,parent" Anchor="C,T">
            <Container ID="Filters" Size="auto,24" Offset="65,10">
                <Stack StackGrowth="Right">
                    <Label Anchor="L,C" Style="BodyText16" String="LOC_QD_YOU_NEED"/>
                    <PullDown Anchor="L,C" ID="GoldTypeFilter" Style="PullDownBlue" Size="200,24" Offset="5,0"/>
                    <Label Anchor="L,C" Style="BodyText16" String="LOC_REPORTS_SORT_BY" Offset="50,0"/>
                    <PullDown Anchor="L,C" ID="SortByFilter" Style="PullDownBlue" Size="200,24" Offset="5,0"/>
                </Stack>
            </Container>

            <Grid Anchor="C,T" Size="parent,38" Offset="0,10" Style="DiplomacyTitleBarGrid">
                <Container Size="257,parent" Anchor="L,T" Offset="170,0">
                    <Label ID="TheirOfferLabel" Anchor="L,C" String="LOC_DIPLOMACY_DEAL_THEIR_OFFER" Style="DiplomacyIntelHeader" Offset="0,2"/>
                </Container>
                <Container Size="257,parent" Anchor="L,T" Offset="440,0">
                    <Label ID="MyOfferLabel" Anchor="L,C" String="LOC_DIPLOMACY_DEAL_MY_OFFER" Style="DiplomacyIntelHeader" Offset="0,2"/>
                </Container>
                <Container Size="257,parent" Anchor="L,T" Offset="750,0">
                    <Label ID="RatioLabel" Anchor="L,C" String="LOC_QD_RATIO" Style="DiplomacyIntelHeader" Offset="0,2"/>
                </Container>
            </Grid>

            <Container ID="OfferPanel" Size="parent,parent-100" Anchor="L,T" Offset="0,10" InnerPadding="10,0">
                <ScrollPanel ID="OffersScroll" Size="parent, parent" Vertical="1" AutoScollbar="1">
                    <ScrollBar Size="12,parent" SliceTextureSize="11,11" SliceCorner="5,5" Anchor="L,B" Color="111,101,94,250" Offset="0,0" AnchorSide="I,I" Texture="Controls_ScrollBarBacking" StateOffsetIncrement="0,0" Vertical="1" >
                        <Thumb Size="10,10" Texture="Controls_ScrollBarHandleV_Brown" StateOffsetIncrement="0,0" SliceCorner="6,6" SliceTextureSize="13,13"/>
                    </ScrollBar>
                    <AlphaAnim ID="OfferStackAlphaIn" AlphaBegin="0" AlphaEnd="1" Speed="10" Function="Root" Cycle="Once" Size="parent,auto">
                        <SlideAnim ID="OfferStackSlideIn" Start="0,20" End="0,0" Speed="10" Function="Root" Cycle="Once" Size="parent,auto">
                            <Stack ID="AIOffersStack" StackGrowth="Bottom" Anchor="C,T"/>
                        </SlideAnim>
                    </AlphaAnim>
                </ScrollPanel>
                <Label ID="FetchingDealLabel" Anchor="C,T" Offset="0,150" Align="center" Style="FontFlair20" SmallCapsType="EveryWord" SmallCaps="26" String="{LOC_LOADING_PLEASE_WAIT:upper}" Color="200,200,200,255" Hidden="1"/>
                <Label ID="NoAvailableDealLabel" Anchor="C,T" Offset="0,150" Align="center" Style="FontFlair20" SmallCapsType="EveryWord" SmallCaps="26" String="{LOC_QD_NO_AVAILABLE_DEAL:upper}" Color="200,200,200,255" Hidden="1"/>
            </Container>
        </Stack>

        <!-- Value Edit Popup -->
        <Box ID="ValueEditPopupBackground" Size="parent,parent" Color="0,0,0,200" ConsumeMouse="1" Hidden="1">
            <Grid ID="ValueEditPopup" Style="DiplomacyInfoWindowGrid" Anchor="C,T" Size="300,auto" AutoSizePadding="0,13" Offset="0,200">
                <Stack StackPadding="4">
                    <!-- Header -->
                    <Grid Size="parent, 38" Style="DiplomacyTitleBarGrid">
                        <Label ID="ValueEditHeaderLabel" Anchor="C,C" Style="DiplomacyIntelHeader" Offset="0,2"/>
                    </Grid>
                    <!-- Value Stack -->
                    <ScrollPanel ID="ValueEditScrollPanel" Size="parent,200" Vertical="1" AutoScollbar="1">
                        <ScrollBar Size="15,parent" SliceTextureSize="11,11" SliceCorner="5,5" Anchor="R,B" Color="111,101,94,250" Offset="0,0" AnchorSide="I,I"  Texture="Controls_ScrollBarBacking" StateOffsetIncrement="0,0" Vertical="1">
                            <Thumb Size="13,13" Texture="Controls_ScrollBarHandleV_Brown" StateOffsetIncrement="0,0" SliceCorner="6,6" SliceTextureSize="13,13"/>
                        </ScrollBar>
                        <Stack ID="ValueEditStack" Anchor="C,T" StackPadding="4">
                            <!-- Icon and/or Text -->
                            <GridButton ID="ValueEditIconGrid" Style="ButtonDraggableGrid" Size="auto,56" AutoSizePadding="2,0" Anchor="C,T" States="1">
                                <Stack Anchor="C,T" StackGrowth="Right">
                                    <Container Size="44, parent">
                                        <Image ID="ValueEditIcon" StretchMode="None" Size="44,44" Anchor="C,C"/>
                                        <Label ID="ValueEditAmountText" Anchor="R,B" Style="FontNormalBold12" Offset="24,-9" FontStyle="Stroke"/>
                                    </Container>
                                    <Stack StackGrowth="Bottom" Anchor="L,C">
                                        <Label ID="ValueEditValueText" Size="parent,0" Offset="0,0" Style="FontNormalBold12" FontStyle="Stroke"/>
                                    </Stack>
                                </Stack>
                            </GridButton>
                            <!-- Integer Modifying Box -->
                            <Container ID="ValueAmountEditBoxContainer" Size="155,34" Anchor="C,T">
                                <Grid Style="DropShadow3" Size="parent,50"/>
                                <Grid Anchor="C,C" Texture="Controls_WindowLight" SliceTextureSize="34,34" SliceCorner="17,17" Size="parent-30,34">
                                    <Grid Anchor="C,C" Texture="Controls_TextArea" SliceTextureSize="22,22" SliceCorner="11,20" Size="parent-20,24">
                                        <EditBox ID="ValueAmountEditBox" Style="FontNormalBold16" FontStyle="Stroke" NumberInput="1" EditMode="1" Size="parent-5,parent" Anchor="C,C" MaxLength="11" ConsumeMouse="1" HighlightColor="25,120,154,200"/>
                                        <Button ID="ValueAmountEditLeftButton" Style="ArrowButtonLeft" Anchor="L,C" AnchorSide="O,I"/>
                                        <Button ID="ValueAmountEditRightButton" Style="ArrowButtonRight" Anchor="R,C" AnchorSide="O,I"/>
                                    </Grid>
                                </Grid>
                            </Container>
                        </Stack>
                    </ScrollPanel>
                    <!-- Value Edit Confirm/Back Button -->
                    <GridButton ID="ValueEditButton" Anchor="C,B" Size="200,41" Style="MainButton" String="LOC_BACK"/>
                    <!-- Footer -->
                    <Grid Style="Divider4Grid" Size="parent-2,10" Anchor="C,B" Hidden="1"/>
                </Stack>
            </Grid>
        </Box>
    </Container>
</Context>
